Category: All categories,
,
Week,learn python: (Worldwide)
2013-06-23,42
2013-06-30,37
2013-07-07,41
2013-07-14,39
2013-07-21,37
2013-07-28,26
2013-08-04,38
2013-08-11,42
2013-08-18,44
2013-08-25,34
2013-09-01,36
2013-09-08,34
2013-09-15,35
2013-09-22,39
2013-09-29,32
2013-10-06,40
2013-10-13,43
2013-10-20,36
2013-10-27,33
2013-11-03,46
2013-11-10,43
2013-11-17,37
2013-11-24,37
2013-12-01,31
2013-12-08,44
2013-12-15,46
2013-12-22,45
2013-12-29,46
2014-01-05,48
2014-01-12,39
2014-01-19,41
2014-01-26,47
2014-02-02,43
2014-02-09,41
2014-02-16,41
2014-02-23,39
2014-03-02,42
2014-03-09,42
2014-03-16,44
2014-03-23,47
2014-03-30,38
2014-04-06,34
2014-04-13,41
2014-04-20,40
2014-04-27,45
2014-05-04,40
2014-05-11,38
2014-05-18,50
2014-05-25,44
2014-06-01,51
2014-06-08,47
2014-06-15,44
2014-06-22,47
2014-06-29,41
2014-07-06,48
2014-07-13,44
2014-07-20,55
2014-07-27,43
2014-08-03,51
2014-08-10,50
2014-08-17,46
2014-08-24,44
2014-08-31,49
2014-09-07,52
2014-09-14,49
2014-09-21,47
2014-09-28,40
2014-10-05,41
2014-10-12,40
2014-10-19,51
2014-10-26,50
2014-11-02,52
2014-11-09,46
2014-11-16,51
2014-11-23,51
2014-11-30,49
2014-12-07,49
2014-12-14,54
2014-12-21,43
2014-12-28,45
2015-01-04,42
2015-01-11,48
2015-01-18,48
2015-01-25,53
2015-02-01,51
2015-02-08,60
2015-02-15,54
2015-02-22,50
2015-03-01,53
2015-03-08,49
2015-03-15,52
2015-03-22,50
2015-03-29,50
2015-04-05,53
2015-04-12,56
2015-04-19,59
2015-04-26,48
2015-05-03,51
2015-05-10,55
2015-05-17,56
2015-05-24,58
2015-05-31,68
2015-06-07,57
2015-06-14,66
2015-06-21,68
2015-06-28,63
2015-07-05,58
2015-07-12,63
2015-07-19,58
2015-07-26,53
2015-08-02,63
2015-08-09,55
2015-08-16,54
2015-08-23,68
2015-08-30,56
2015-09-06,64
2015-09-13,60
2015-09-20,62
2015-09-27,65
2015-10-04,63
2015-10-11,68
2015-10-18,58
2015-10-25,60
2015-11-01,59
2015-11-08,61
2015-11-15,57
2015-11-22,54
2015-11-29,61
2015-12-06,64
2015-12-13,63
2015-12-20,53
2015-12-27,55
2016-01-03,50
2016-01-10,55
2016-01-17,58
2016-01-24,59
2016-01-31,51
2016-02-07,63
2016-02-14,45
2016-02-21,53
2016-02-28,48
2016-03-06,53
2016-03-13,53
2016-03-20,52
2016-03-27,51
2016-04-03,55
2016-04-10,62
2016-04-17,52
2016-04-24,49
2016-05-01,58
2016-05-08,59
2016-05-15,51
2016-05-22,57
2016-05-29,67
2016-06-05,64
2016-06-12,68
2016-06-19,65
2016-06-26,71
2016-07-03,64
2016-07-10,63
2016-07-17,57
2016-07-24,58
2016-07-31,61
2016-08-07,52
2016-08-14,47
2016-08-21,60
2016-08-28,54
2016-09-04,62
2016-09-11,69
2016-09-18,57
2016-09-25,68
2016-10-02,50
2016-10-09,63
2016-10-16,57
2016-10-23,64
2016-10-30,63
2016-11-06,64
2016-11-13,67
2016-11-20,61
2016-11-27,66
2016-12-04,68
2016-12-11,71
2016-12-18,69
2016-12-25,67
2017-01-01,70
2017-01-08,73
2017-01-15,77
2017-01-22,80
2017-01-29,72
2017-02-05,78
2017-02-12,76
2017-02-19,78
2017-02-26,69
2017-03-05,64
2017-03-12,74
2017-03-19,80
2017-03-26,75
2017-04-02,80
2017-04-09,71
2017-04-16,73
2017-04-23,83
2017-04-30,63
2017-05-07,83
2017-05-14,79
2017-05-21,78
2017-05-28,82
2017-06-04,81
2017-06-11,79
2017-06-18,78
2017-06-25,86
2017-07-02,79
2017-07-09,87
2017-07-16,97
2017-07-23,93
2017-07-30,80
2017-08-06,91
2017-08-13,74
2017-08-20,82
2017-08-27,80
2017-09-03,79
2017-09-10,91
2017-09-17,86
2017-09-24,80
2017-10-01,82
2017-10-08,78
2017-10-15,81
2017-10-22,70
2017-10-29,78
2017-11-05,83
2017-11-12,91
2017-11-19,81
2017-11-26,75
2017-12-03,90
2017-12-10,77
2017-12-17,83
2017-12-24,84
2017-12-31,78
2018-01-07,81
2018-01-14,92
2018-01-21,97
2018-01-28,87
2018-02-04,81
2018-02-11,77
2018-02-18,79
2018-02-25,70
2018-03-04,79
2018-03-11,88
2018-03-18,87
2018-03-25,100
2018-04-01,92
2018-04-08,87
2018-04-15,81
2018-04-22,78
2018-04-29,79
2018-05-06,98
2018-05-13,82
2018-05-20,93
2018-05-27,80
2018-06-03,90
2018-06-10,92
